f1,f2,f3,f4,f5,label
0.4621423976619433,0.8771789253481018,0.35220762738303224,0.713079949285531,0.06688024898980005,0
0.8036933597579613,0.4018415497679454,0.04780670776658158,0.15137844144372303,0.25032516167313856,0
0.6905463971205333,0.04628291584025235,0.7075697709131863,0.8392172387434695,0.9646454908169647,1
0.5733306650384995,0.8885008391415464,0.2703215537460061,0.34512206706238713,0.1514586161735183,0
0.9168764872470982,0.22148638402885412,0.44405152320092367,0.7577030949520065,0.6150459935295144,1
0.5747373890005826,0.947814194986189,0.7569647532804213,0.5467070992525344,0.9672847818153985,1
0.45619659101516263,0.5017156305608076,0.9909848662493993,0.6885886520130663,0.3723797568293663,1
0.5110498866523825,0.7268615233077484,0.1741150793003946,0.6999375121380409,0.32868658722018307,0
0.7353920903535903,0.994141377324012,0.4357114701169532,0.7424804930118799,0.34666285682116604,1
0.5971596507259892,0.9065270744151591,0.7066826165636003,0.925792991514854,0.32424516494341726,1
0.3632550302847243,0.19923470457011494,0.05274836504361302,0.4279443228854768,0.7204447544430111,0
0.5157234842237584,0.1262509940418266,0.2334219130741726,0.48455020413892447,0.6088207747130135,0
0.09882565346771466,0.8910310578401129,0.7649541900058935,0.8241116365256967,0.7722407202900943,1
0.34999828708582614,0.29605795484063113,0.5279396145174474,0.24318441887360287,0.13059165675767492,0
0.525987221672515,0.0681816696134494,0.7248856648889304,0.44398556762049846,0.6290322838598978,0
0.6838677820203206,0.19898194689629156,0.22143241994895557,0.410501639191616,0.018597185778658654,0
0.6095434330499017,0.7596717474979416,0.536360146872975,0.9552651599413382,0.9034271374766559,1
0.2290953100143175,0.32276974765288147,0.024192075667459845,0.7405835857716843,0.7056128997325785,0
0.6528504209816102,0.1926186643025486,0.521416508945271,0.11279505218479968,0.8701340176934586,1
0.5365625437129845,0.9477684006392804,0.3830179417401818,0.14394252174682942,0.04780275909174303,0
0.06871968669876061,0.5036364435146551,0.03474869589004825,0.8936858703930524,0.48976685251557706,0
0.22672710923882056,0.7733125674112513,0.5141918265590518,0.16509030753591802,0.16108663968666737,0
0.6872858754139014,0.4602050780435937,0.5078012626923898,0.1611078614955247,0.35764628599165915,1
0.8491544285847872,0.6665083833948179,0.3117381773470401,0.4888003639556081,0.8301730658134963,1
0.5147503988272777,0.04614000870897006,0.8185953035099692,0.9681403702461574,0.5951771176119942,1
0.7956678887102614,0.47400114331153653,0.015208995525811786,0.12028877198287624,0.2207857681877038,0
0.38970963456457053,0.7783721087010593,0.6490841414432587,0.2880643913898897,0.8887604491753306,1
0.1933218248019235,0.2731906300876161,0.9448414127804666,0.17024370686465873,0.5380872200154602,1
0.4063813120425427,0.8557225151797064,0.7666494938584776,0.12808023380218647,0.17677016295239112,1
0.7219076965044368,0.416808792704347,0.18946241529482732,0.4689376017288197,0.039502338148458715,0
0.6415415966015544,0.619633955142618,0.7582562895545973,0.7766339686526258,0.5720809362185701,1
0.33630074456364534,0.7748774965510484,0.21364557336551937,0.6723173841071038,0.5415065324856808,0
0.7555559824529674,0.5519422678087605,0.4758650578333806,0.12738978340704188,0.24168296371832565,1
0.41150003348104847,0.43503684512625884,0.5657675750389828,0.5953188588579978,0.532291733297886,0
0.7431708244267913,0.8951557671587853,0.2400523824266625,0.06467750626151503,0.49126103124007126,1
0.8519811100703154,0.21024272204720984,0.4923330919973189,0.08367031620364285,0.29122268312628574,1
0.09611197122304982,0.7425759011713572,0.5685907676638805,0.7460656597313489,0.045658015819592945,0
0.8558977634546051,0.027526811599050127,0.8498295276642419,0.6927557186056689,0.8205699744190353,1
0.5749444343734447,0.0482335432552391,0.9309244254766131,0.12902635768881188,0.885571333587867,1
0.12283522953414416,0.07514370269928905,0.34399256235071163,0.7050462843723893,0.9865117537001696,0
0.822466807861499,0.3800334116123557,0.37854120653450984,0.13020065149684923,0.9214119228515556,1
0.8057705237989925,0.43691794132241424,0.5725900535154954,0.40924488412128157,0.16949718470037956,1
0.7213883234347405,0.8391501096194814,0.6990281019765074,0.881080159243341,0.4090744421846223,1
0.44809350895089994,0.7223634225013172,0.3837929179792874,0.19089081302989208,0.06554701805694041,0
0.35716175370771186,0.7472338236351077,0.7561634195684338,0.4872047411980217,0.8950424250798166,1
0.7126115348400244,0.4698714164460983,0.9300356222367878,0.38838458213263805,0.5228242975800057,1
0.266010769840063,0.20934658417242458,0.6883569008184992,0.5415553959349846,0.7710075377472623,1
0.41882146582742463,0.37635780556736753,0.3953492028742527,0.8901774857791077,0.22872322263333922,0
0.4247270279245037,0.6390155637358529,0.5309032852295473,0.2074660314426694,0.6689392063818975,0
0.4374284649395548,0.08325576847277771,0.3913850950350608,0.3516188925445183,0.03317404676345426,0
0.5455932238161652,0.292690408341568,0.38340311582239806,0.025205829218097442,0.6534640759366623,0
0.6197861603502466,0.38536443155394784,0.20892346541883344,0.025633743862338187,0.9114682267847994,0
0.034325281017791975,0.6490621096196332,0.21227304553818227,0.5985213378132065,0.9315939043057737,0
0.8968251950224602,0.7250946297153127,0.6969125747822801,0.6129101854644323,0.6249209082739627,1
0.46364890204653997,0.36043855713653505,0.5465660053497602,0.6410125687932263,0.9846582923391243,1
0.6594272297647933,0.19435828024750212,0.36908323365490736,0.9495606225355953,0.6142147880175498,1
0.6313713400563483,0.5735907706983598,0.41487933061573545,0.4567161498354242,0.28203149451355625,1
0.8965716324177069,0.11885020991038564,0.16254171488064428,0.8574587295346743,0.7494326880723845,0
0.5903289543659699,0.561790244043613,0.7774343120169135,0.47230042637030356,0.09436799017507747,1
0.4330615082900706,0.2707497096672199,0.8587228819026719,0.481309618067595,0.943837964859999,1
0.6144371877091469,0.62434922275825,0.1706674974926381,0.7489017074758414,0.35813368299213777,0
0.8593245074729196,0.15555926794244102,0.4135509925945947,0.06291025792413796,0.12256528842023329,0
0.07836823801605164,0.7952098785250553,0.7177982835971168,0.2502479238948535,0.9817063983553544,0
0.49993668749787035,0.7803313999655138,0.2641159967523521,0.4924426020062054,0.3007386798140457,0
0.6032103318037876,0.723963125563874,0.9019151025804657,0.1405334650757687,0.21739548734765213,1
0.23835768615288433,0.1395293782527225,0.7970114497903796,0.794269394359532,0.5124061871208426,0
0.1327649181338998,0.7082997818894856,0.16880184683499067,0.6620397356076849,0.08554325284167652,0
0.8444563527207182,0.19069857007183455,0.3899619040724106,0.74358881946471,0.7361948419769565,1
0.6518077885525454,0.12344362276889731,0.5451003133407547,0.7828627883957228,0.7674989045811301,1
0.01952876620719113,0.19366653895988217,0.08582024542589006,0.09634982476137854,0.2902852582297667,0
0.3808754940173209,0.4529225536522621,0.35876307437516597,0.9817923895437317,0.9462687474637946,0
0.9125129018826416,0.052761751042816996,0.1679117787196397,0.9300840618115538,0.9454700833910441,0
0.09299738332680874,0.6861131799866099,0.01945702727636267,0.37145344097480615,0.14273849616164092,0
0.8699209276523053,0.9836318180090864,0.36471718591635616,0.5269465297720113,0.206105479129857,1
0.3042659433354794,0.01993098984729169,0.2289245785474947,0.8291731591204388,0.14371212967491587,0
0.3991710355773268,0.43257385057192665,0.09352716164055641,0.2868395657546221,0.8968886548454965,0
0.38468321421190366,0.3096852026965907,0.01734673124200692,0.18252929133364537,0.6054750831293967,0
0.21543022420576097,0.3645705601837368,0.15286425545742477,0.2633729611263066,0.24609824082671394,0
0.5536191152392944,0.8721861104750741,0.8088156608962959,0.7103929956479033,0.4392477925515835,1
0.10382484717277973,0.45480478585217443,0.037127274242504726,0.5885435193970012,0.4478296410675905,0
0.4680558887024904,0.9719355994620377,0.4034401382315431,0.5347936883440261,0.0714020746680083,1
0.09421849895459211,0.8928536027399965,0.12486131640768205,0.577606305400382,0.5159472072686374,0
0.5819042629293806,0.33993234104994274,0.4892113040227758,0.21126352375579438,0.7998611390552982,1
0.6004414809306443,0.7716306643253835,0.5394895167849986,0.530763899316426,0.2529736948730117,1
0.342124400678944,0.5521444032407489,0.022407502819746683,0.5862871952499356,0.15093900397757887,0
0.5815090464970786,0.41659236992209303,0.07115552100147138,0.049652184958579926,0.798482585107761,0
0.35718650755121206,0.701871891277584,0.8167918720717781,0.11130557543834407,0.365931158210558,1
0.37588128825791634,0.28103570735834105,0.9584180171153662,0.6972486218677323,0.5293571970668312,1
0.5101065766688495,0.24268817436834134,0.6873352308539473,0.3158117318343503,0.45252998310150283,0
0.4252974262221788,0.9808682452642928,0.34492523731471936,0.3717117267891218,0.7581525406915779,0
0.31215364712508376,0.8941360838357126,0.6854442611959282,0.13488109658381597,0.671495781866051,1
0.31024876283596037,0.06302037934074245,0.8586692925880185,0.457028779649404,0.012635209327057528,0
0.1907689702626958,0.3661626561468987,0.8036644939506379,0.79307004380665,0.2697257279422145,1
0.26104316104819636,0.032380657382808486,0.013118738430604848,0.6605126306538474,0.7241574858160781,0
0.7334596329764408,0.18876725473252365,0.15859895328488371,0.49865325998223664,0.9202660660270935,0
0.09889630319648324,0.9970950642447122,0.25506809635686256,0.414231667341586,0.8134307842507691,0
0.13594054880130857,0.7153116989265668,0.247083386118233,0.18653025752779062,0.9320126237789833,0
0.3885968042019664,0.5850702545888862,0.93885905154977,0.26596820879353467,0.28492337550590574,1
0.5006986272425294,0.3220663419163533,0.38821582786329445,0.428947490810342,0.07105684845894433,0
0.6944116972562527,0.2390598636656346,0.2962478665097946,0.03943525928811353,0.6545642796835284,0
0.066906415688478,0.3641923129316137,0.4104222958241507,0.42115098567703524,0.502092608572175,0
0.03505135788116831,0.8024751548744636,0.6790196961949618,0.8938022748481603,0.5793088000104154,1
0.021950715241241592,0.7848354748859447,0.39464119517266105,0.71525969058256,0.7913279560056682,0
0.3284769790399368,0.97525205342571,0.568374341909546,0.224497641330473,0.2587114797424268,1
0.35733178354509687,0.5830991558335799,0.9763790133124614,0.06301363938306248,0.27644433979941385,1
0.21775881053355473,0.7324985765545984,0.324799323520931,0.16363990459829514,0.31831892966338116,0
0.5759912868345657,0.3586360961016375,0.30923448585697344,0.40817858477513125,0.8750621253720156,1
0.595996073846534,0.13511475272559548,0.9381928261283707,0.12370740051939355,0.6241686523380193,1
0.47347653445789195,0.9042744928005368,0.2272265606287308,0.7613654071141739,0.6750326279624637,0
0.656173039053848,0.0059588549085128895,0.7930030593869543,0.7701613151976554,0.7536589907017065,1
0.027611102905930496,0.5535658912810267,0.6223468875287888,0.012027697735065068,0.3901319003088083,0
0.4552914001250452,0.9842983253945711,0.8225126459902322,0.5322844670030368,0.3163726017922778,1
0.5616074479913661,0.2588142596079973,0.12477529965064527,0.28856735283289003,0.9306977274829396,0
0.19992063337092913,0.8965361600644454,0.176280736220627,0.4629178657598182,0.9046158298497685,0
0.19756471541598863,0.7394586552977276,0.2502655748026148,0.228070123756551,0.505290087049381,0
0.11463331976280378,0.7317032063466793,0.9251513259763975,0.13839008335775982,0.1353940171220247,1
0.7963208102928715,0.7388135750901623,0.5241498908042973,0.853092626411469,0.45379792402273533,1
0.6348697975668982,0.7310994521771517,0.7243916637363774,0.8163434165809225,0.9230349852582915,1
0.36601637978102186,0.07943177802761126,0.18084963844593926,0.240841315499153,0.1517098093424175,0
0.9615230547060248,0.5060139275351553,0.6385216483128304,0.27721276165576914,0.11622598637581882,1
0.9874787599725978,0.4546597506089891,0.547057530143615,0.1923404895025992,0.2201330238400364,1
0.44946935651461295,0.6294663036387653,0.4079856082429292,0.5831065319043565,0.10045827441915456,0
0.5242952449454796,0.9756110956597323,0.8237658052422157,0.0017994129339931053,0.6910589883008572,1
0.9266993628780249,0.07151672838263734,0.8350838057702688,0.20236113295643232,0.42792292294568834,1
0.6650322623665567,0.749142303510891,0.9192030556859687,0.3612807583510109,0.1490367998669686,1
0.28116580767727106,0.3217698155229308,0.40287278195869536,0.8978607240539905,0.30958782052029665,0
0.9854999517981694,0.3918758161992504,0.6721433833928857,0.4703365870187173,0.5202695495371402,1
0.4630447096967346,0.24728028140093472,0.4310604083140934,0.3167999173152518,0.922721681495093,0
0.31999024571760437,0.18441029741137382,0.6446032628141052,0.8415474729702497,0.9712972145277238,1
0.9636341974670298,0.03255492980172958,0.1962681028832295,0.019391623089184185,0.41272652677560473,0
0.9226537010731182,0.18104529642077938,0.7897980407657716,0.895208628148005,0.5517763594814321,1
0.6007046339652965,0.11973424362470819,0.12134135796741552,0.7331520044798367,0.8706915418872169,0
0.15731249256648117,0.35231149192289624,0.2564336868452528,0.572690954138657,0.10873208147558866,0
0.08580111291518588,0.3140128325756729,0.5264984910518863,0.9304255107492578,0.2989849444620505,0
0.5053396415290049,0.39759400574894066,0.19985226258953104,0.10973846206886684,0.8442834164310317,0
0.7892353014323692,0.7109816357704659,0.5017159279017728,0.024629951833802344,0.07028871157630912,1
0.768877883981632,0.41649071043377117,0.3016564093229053,0.42400076852092683,0.23033039697902002,0
0.391530014053301,0.0782579760543054,0.6855547348401664,0.6239025752466881,0.8855903768733996,1
0.388709201893491,0.4744186516164369,0.3689862527620118,0.22251543451312905,0.8651897806271114,0
0.5843651915244278,0.14948866360401059,0.664540345453183,0.12702205958794666,0.4593773366673044,1
0.8775973732633287,0.0917306505311225,0.7914631308029358,0.9446281715559679,0.29388684041235846,1
0.31365041166203134,0.5599911958258116,0.7115321478571272,0.6666605758781569,0.24364688509923316,1
0.5724902524292727,0.8829353520467256,0.7581110418466641,0.8641347801193553,0.24244078688968218,1
0.6776743339365494,0.3409057553216862,0.5198703159266124,0.6884601941445809,0.07932813590227272,1
0.38233121961395533,0.9073930963216007,0.6567262101427085,0.8207057416469135,0.041525997068305065,0
0.6239581323089608,0.8349173102985548,0.8941221019160518,0.43990276965284314,0.8453283785945778,1
0.053272419026028306,0.8682781971306447,0.17937868885644825,0.1029592358057797,0.0750625662038682,0
0.7832139511847459,0.3857693808325895,0.30589026658229423,0.7269145943188654,0.0081672116408118,1
0.3474868380746946,0.5421430271349262,0.12862095345742208,0.5030167739914139,0.7684514570591646,0
0.9851217278868247,0.6113562702559906,0.5586039822108666,0.9151896177155847,0.3612632122822359,1
0.8492527735380772,0.25870072243604414,0.2476008919907059,0.4694603301461525,0.7889640707179627,1
0.9728215032879383,0.28414909517296927,0.06714383556443893,0.7434996850851051,0.1772769679012125,0
0.7872478522548274,0.2059122901197974,0.3442152564505305,0.06992971645173596,0.0225027646560787,0
0.73749231778961,0.39450026253416826,0.35655520755816683,0.19275889834474536,0.6554488766210272,0
0.034370885054706424,0.4124808515721209,0.369739536503056,0.6872927682538924,0.5807635262516436,0
0.04102487486851503,0.6144197201708632,0.8418384751409865,0.4219552032453189,0.31364140333871926,0
0.6384491916917718,0.3098964518012922,0.23208107859303795,0.21452782654278235,0.5872121485115317,0
0.5264234296338594,0.6859367923552435,0.997097067766404,0.21049746246305978,0.005301853971798387,1
0.9870222267457885,0.08428318926057177,0.27856544081093315,0.1340941345440716,0.08835667939342728,1
0.6007961274669069,0.7342616554131186,0.509809793408397,0.8778347897385638,0.6766416199596947,1
0.7985413381389256,0.327975522492295,0.2508083717810101,0.4507067093766124,0.9919344222806759,0
0.8542103110096484,0.21744020963259636,0.3086346520083112,0.23954868107526206,0.14945873295487266,0
0.39678172369077025,0.0955118601553101,0.9262436270350584,0.824564341851631,0.6990440757165857,1
0.6282305052005118,0.8169515844207114,0.8428260793020818,0.921887967426873,0.1664245072378009,1
0.6140459396872598,0.452159257951235,0.7544417366663936,0.023066092339356303,0.3478815850842487,1
0.5432393034019004,0.15442065039504183,0.31050497136251365,0.1395681462092403,0.44952434284971954,0
0.10485807573790329,0.5634251532570236,0.39489912158808615,0.9702964760666025,0.7284558589340611,0
0.7914052823180276,0.11556808612279346,0.2688798101037334,0.05310921812626379,0.8035779326324947,0
0.6575213881484331,0.7263552821448627,0.3718390798635177,0.23242092042770324,0.8776032501929325,1
0.9223464986755974,0.9891980745919956,0.9489687869874599,0.9177727996620239,0.8506033247253786,1
0.5079215154978853,0.3046858476330815,0.20824326671484028,0.712685307661246,0.05267059979702371,0
0.7800526408349168,0.30990780236421167,0.32599730120649695,0.7913877274796638,0.10935880879132398,1
0.7570285157428405,0.8879752278065508,0.5595053663349743,0.8390115275630731,0.38046064137702407,1
0.3732335867762422,0.04275966209820503,0.4106845155027452,0.07617657544382228,0.688646121163972,0
0.8320617159014091,0.7789175360752203,0.44717131055969705,0.28455669401349637,0.39588375228597683,1
0.767242127438139,0.48235909938705124,0.503240007646823,0.7269383840506551,0.8867809329315133,1
0.7983061224579925,0.6983685502084097,0.2394845579971442,0.025246685309836647,0.48888428183385824,1
0.3009582225923976,0.29362817042468947,0.7082958326352354,0.06786652501235202,0.23860515298391527,0
0.831219789576642,0.9428632281731364,0.2651587490677939,0.22465905177668277,0.1277891664631856,0
0.8547245155396525,0.8246130588280535,0.9674328260090747,0.9892212135614046,0.3789117314064888,1
0.2691379495153795,0.5714429229488882,0.2691111573066116,0.29463292965480825,0.02936894194023465,0
0.9902628372105864,0.4446139555658539,0.07213170115176104,0.22171882852426517,0.920312602773657,0
0.07700457976538344,0.4692526069692037,0.44477886674584766,0.9042270979038849,0.34843254304516147,0
0.6084898870023214,0.6305120009288262,0.2503253660936774,0.6098257310534456,0.9126121734882408,1
0.052813319005684645,0.3645194585917315,0.07278028558580452,0.2659190977546936,0.6106563407734809,0
0.04366355346994977,0.43197060945598287,0.4809027484695382,0.2680752165025747,0.5485397385594699,0
0.38357631591260066,0.5106609797203939,0.24053752033928089,0.65420345317379,0.14917495663971092,0
0.7364446596797105,0.7864701024040305,0.7064762515147937,0.5605436360505974,0.650187440395516,1
0.02279587954147777,0.9888791652919346,0.17231966673662646,0.2521875668267809,0.656588403960777,0
0.33272665348143726,0.7494102263470971,0.19225397014498924,0.10003972271633754,0.7941261107385499,0
0.1444476634630244,0.6690359038808511,0.31187711606985025,0.8190077120144017,0.5158353741163159,0
0.11473649212838688,0.03518542320042961,0.7562942830304534,0.8574867178128922,0.6538544539213365,0
0.9375788863249529,0.9850813637170728,0.738313629350574,0.9346820392568821,0.6848111702533731,1
0.7632727231862614,0.2171631563308306,0.9124542406998633,0.6179005696926398,0.7051991283527616,1
0.5493150699638011,0.5128985861627211,0.590870666193728,0.09504966157678274,0.33738521124797793,1
0.00605405967840833,0.37822205241267937,0.3361679153340634,0.33029773953515773,0.328354373525531,0
0.4690614476765612,0.4242709496967545,0.35684004509976286,0.19413402012268144,0.3453793194187573,0
0.6253160055449338,0.9051499047378682,0.3346193805079718,0.81103616043648,0.43274082299042504,1
0.545411394575055,0.11688224419347026,0.01977811109951244,0.8981501478086439,0.33536055109805696,0
0.44354578817859125,0.4596352451916429,0.2513807005561245,0.6955635451050315,0.29351465064616233,0
0.08820679988338087,0.60267632019552,0.8220600727596828,0.3960320387956364,0.43991830197939075,1
0.5261939728182408,0.6547262146089239,0.6534723835055669,0.7406504221810072,0.6124458994251235,1
0.628276003486079,0.5544334962884803,0.7166614565213828,0.4318104559723934,0.25116703922071903,1
0.24309575272342054,0.046825232330913624,0.7868562461034107,0.26352437203350876,0.018639565775720124,0
0.32676386005088,0.5460775368788927,0.993270049283187,0.3142740523578129,0.47737350426436775,0
0.18754126616213962,0.09512062580196579,0.576509860430912,0.5548791062619346,0.5351668854757723,0
0.6216809572835814,0.6753293412628986,0.4326215233728419,0.621282736350501,0.24616644493282713,1
0.9087799420016707,0.49603204663117106,0.8608091671512084,0.9287676023643476,0.28520048227854355,1
0.7628081120009156,0.30653420795805475,0.2541607198606525,0.2819255689057325,0.5455124066487761,0
0.6529058618618724,0.8355115663938955,0.9840346991902061,0.3847372324519409,0.17287578432903994,1
0.0957687081602866,0.8785921694517917,0.4702177693492211,0.8700971115671433,0.4948915358155114,0
0.6157944319954353,0.8086312286892653,0.9194198020831339,0.3348060257433091,0.3985329956827135,1
0.526483399242506,0.23365795369709264,0.6536949460014905,0.7264388343654541,0.6889434572231322,1
0.4020890206866774,0.09923064923755698,0.7151430923904672,0.08425394684914345,0.4611994021361223,1
0.14610146824330605,0.6604208572630954,0.9722784764115685,0.3772859101674728,0.7015110913787335,1
0.13806128816869911,0.9012554212447812,0.4316538060543218,0.13976425805491732,0.714120784996527,0
0.6122978820262557,0.942558794202803,0.32649364244384915,0.1332379059405947,0.9163020429589299,1
0.745486667195983,0.2900493508916767,0.6221062456784463,0.513780931562288,0.3949064300622507,1
0.9246090166246065,0.5690504956015557,0.3739198060482303,0.13349053151749835,0.52126791486294,0
0.03240513899434072,0.6486108097607993,0.2644246574926128,0.7732838601582376,0.2395927701352104,0
0.10316949572377676,0.5290124472379429,0.07870323614939612,0.5965937165244293,0.2669693295582519,0
0.6312690416397121,0.09629259772524179,0.6415052897980528,0.9512380330534724,0.21708774098157968,1
0.32343467733498954,0.8680656778136181,0.9631027180853682,0.10111342917391253,0.1085595324136448,1
0.30474753510512465,0.5999605002092917,0.4246245027399933,0.7449363888637572,0.24718039820084026,1
0.0039381640273480345,0.297499422448522,0.3451274673369409,0.9476392745663096,0.8665852887422382,0
0.4031818291128283,0.013295727144006064,0.8166340682199178,0.518980104997769,0.6315630497975013,0
0.2674128741623272,0.7759137612168567,0.7251147306166082,0.141436413077495,0.30988841650178367,0
0.6591002795982043,0.597603383212892,0.42676838804302564,0.26886991480152367,0.8086944101780941,1
0.10525393467117439,0.8046224343919012,0.07311266086167356,0.3971770256433067,0.2977948867956951,0
0.29483991136281795,0.302057285775332,0.07527560122897792,0.5588274448877395,0.8878823453187638,0
0.7546560901673942,0.8522035568194307,0.20072066179695414,0.5262531469710153,0.20659161032942175,1
0.6013104975637348,0.3111182181462897,0.8095720768368301,0.4033779474876522,0.06610107090015394,1
0.4151595414298501,0.271746708616329,0.19832440562882736,0.9228514586597489,0.22713166062902657,0
0.5565375369410641,0.7290093841622849,0.8356237600978024,0.0012044723267432556,0.6300000694586688,1
0.9793591179256306,0.3220573104829335,0.32105526706153764,0.1363744878671158,0.7671780479418275,1
0.8417570525339028,0.01406945183269026,0.7222255633867795,0.24834980288936026,0.46305490987872255,0
0.001735715358813117,0.24387629390000665,0.49561003512447277,0.6437864191781988,0.38415547505995684,0
0.3817764498764783,0.17581854615096237,0.8669896891669696,0.8663620848619906,0.8568455205316778,0
0.7860787644126558,0.8082836929032047,0.06604001516037172,0.9988545079336113,0.4863507073903476,1
0.7844898879384844,0.7951606599630233,0.5231576715918994,0.26110312419679915,0.2248139066949304,1
0.4272247833548334,0.07526186743010876,0.5397495089763316,0.5064173694601642,0.22102834279093586,0
0.7462786750224764,0.9047682046903835,0.4654556763444143,0.10556030658691284,0.6789549397776024,1
0.6732896221173619,0.7032936614259911,0.6237476962452121,0.5066003244412407,0.342862831030615,1
0.9388772840021106,0.9368640915328247,0.9197088796710144,0.6954253977543745,0.44128336020125414,1
0.8310530359483201,0.10221980499440797,0.2292572683314481,0.16995453622295276,0.03695946880372658,0
0.7659613823465927,0.133887125556859,0.5749348991860648,0.44127226316092405,0.9553782685897877,1
0.7955969138722176,0.5431891395516422,0.2919201408925417,0.6986703168201468,0.5027514168345919,1
0.29590428226980037,0.9672610736768298,0.7179201720391262,0.34210330065217864,0.18921206622705888,1
0.8759401119868173,0.6526307975235551,0.3461662668984409,0.8892076354844465,0.45645487082145575,1
0.27030803834335104,0.8806178701447535,0.39911808909602287,0.4641786511792326,0.18383958874896045,0
0.8472756426387639,0.33322344324791586,0.6982619701449103,0.09748442850339567,0.3820483766958791,1
0.30174536197071344,0.9028103147980009,0.0209271267655039,0.5064985507896929,0.08063903594190747,0
0.9849096740096109,0.43658616936609296,0.8085277172278328,0.9635335817307725,0.4111979262755364,1
0.8779935532997291,0.18507825931683164,0.6846293440316429,0.20325587474892937,0.47418454511071906,1
0.016710896384266483,0.12254702844727083,0.12232028050975685,0.08852900664719887,0.7869479799732712,0
0.41336319460801685,0.4448146853274324,0.9926490289504287,0.8941040300076974,0.6206302150875186,1
0.6074053181875632,0.5254791489205426,0.9871061726529867,0.0007687472612897261,0.5736455271729026,1
0.786532953671439,0.7270873299663991,0.4149100901971431,0.10349934231985247,0.0854094246475865,1
0.5288637161931135,0.4618096278889128,0.17755514046542853,0.3888526046245333,0.894507466864241,0
0.03581709539223732,0.7828800919911805,0.5804403261785913,0.40628235012255964,0.7778030543373524,0
0.8219179236978802,0.4879114270966992,0.9016243257658,0.7129508575915554,0.37691744695973073,1
0.6074951086308649,0.9948386223478042,0.22334563561481668,0.47987013295648984,0.0060065802635660415,1
0.5520026230925518,0.28876178456545876,0.5634897317632518,0.7581190318917004,0.05694545676397278,0
0.26915885201239653,0.8702195116145731,0.3685638126229279,0.6659114388183097,0.14433963514024073,0
0.22425388083412612,0.8247961053576569,0.6991853545859459,0.38970555112108707,0.6456338791769571,1
0.7402090963850794,0.6576251042623571,0.41504506148358866,0.7604950654142558,0.44379873414332227,1
0.2759964437148241,0.7943251681411876,0.9879711709697879,0.4313508832297873,0.5369941409042387,1
0.13064795956109854,0.18079760659674216,0.24327384260310003,0.0989168652807334,0.6332630758478691,0
0.8048375944054854,0.32471754726448987,0.6257596587233952,0.11863008847321754,0.9729121093811385,1
0.16375050253075873,0.7592135259422149,0.7233171926356707,0.15566215789241222,0.19790234263839557,0
0.5160989321717369,0.3207557535212038,0.3713069413685919,0.163616333095851,0.3945156854820927,0
0.24976020484157468,0.1207080505623287,0.6861704826268404,0.5653114684835245,0.6005498512177997,1
0.010463322764103,0.728285496245594,0.36548777509935326,0.8170949006517029,0.5752551801736117,0
0.45704323017247395,0.5567538831430213,0.8043852939572723,0.7229152004474233,0.356654926375104,1
0.40914502397846464,0.3103536711986703,0.26247000869423376,0.3258327287392706,0.8757071308948923,0
0.3463371602576566,0.955873114781683,0.6704170436120628,0.09674007987944355,0.8979513727442392,1
0.5360666147544272,0.4179425131990899,0.48578980088812107,0.9535723894714233,0.527199328007641,0
0.4239453228726804,0.9863943512194217,0.5649078807641476,0.01150851299146849,0.353719557639373,1
0.39028229631708977,0.7387459302837474,0.6303271982132239,0.28350549482665033,0.768325080458589,1
0.9365284685443404,0.43572241755178354,0.5606328270744755,0.8503192274766093,0.3948030358199446,1
0.7159038735414731,0.790384654051292,0.9952467523555609,0.18436799262381787,0.9589208218401226,1
0.35685897610709116,0.6756754915554739,0.6721007121401608,0.6645912319957982,0.5277658399645487,1
0.847684600904699,0.1037601339485601,0.08968507238581369,0.9141094500771542,0.48348864389187163,0
0.5982834843203935,0.5784012709414181,0.5380002977812651,0.3276848804966892,0.4687731484818023,1
0.900301915804131,0.718158618212239,0.1546221651602424,0.773193462262011,0.5500270964889339,1
0.4129054224240356,0.8886171210751299,0.855231204358185,0.14615474539339812,0.03777638418778062,1
0.23960320099268884,0.0611758021244424,0.06516816614030263,0.3689920026240928,0.3233001916083099,0
0.16654320664469346,0.5175861068142147,0.06583353707685968,0.30057758085459463,0.31722642744539464,0
0.8975882246000428,0.9331124741643204,0.6089027529889137,0.6405539165748533,0.5796454712353437,1
0.8608383488163704,0.7770000333266297,0.08060331820760536,0.5374961354203239,0.5649392821280895,1
0.8902218559023538,0.20858826714237688,0.25042922305678705,0.08904961162208169,0.8287422752336279,0
0.9541858385573555,0.7610347140799342,0.5117092166938604,0.590652784598106,0.5750566944424572,1
0.887181805957358,0.7497707138152505,0.13824545564449697,0.40918989088343394,0.2920208181504007,0
0.19551037695569096,0.8067694918628956,0.40100760971346505,0.2743354351361599,0.17043761044877426,1
0.7155123499173415,0.9713448351787187,0.7619740742406149,0.42819022086182623,0.6111454460238943,1
0.7748182287330472,0.0463289626684672,0.19197648313471805,0.10326711793885579,0.4633635266554884,0
0.40870490762284517,0.6507806409295916,0.977595267069465,0.3776251425597258,0.00443585447255157,1
0.7500084994689216,0.3236275564213028,0.6543238739936603,0.3024097030284266,0.24577623279586647,1
0.9746829898545593,0.023730173470559057,0.45736280784698347,0.6820561963132586,0.8493073403679259,1
0.11173909413720384,0.09129093233365215,0.5303771507864542,0.1391291494051362,0.5473190997976862,0
0.9464263040350679,0.6118192734288916,0.5713788576451215,0.5026988251377036,0.8769660323264373,1
0.5882348550909066,0.8187124886867001,0.9510531496095582,0.6968673244061628,0.9302092333897213,1
0.08278821888756516,0.5556620683928001,0.4500055763472949,0.34908553998333436,0.8776792511545956,0
0.22333310043923182,0.08533225224698193,0.9578132140991884,0.7846117650149741,0.9480499480536475,0
0.3378014049705942,0.06724328444914163,0.9820393925364806,0.5817614644244099,0.31080606117548526,1
0.4548847870208208,0.8357001540643376,0.8801152228040384,0.9758306099874321,0.3169724298765304,1
0.6735487923744161,0.215354199291227,0.5510378229902788,0.1762535975262135,0.46254538089728314,0
0.2926175408994284,0.5231746201521889,0.8012001441948999,0.4680883769514472,0.18247201955857795,1
0.6294471046549303,0.19905254650589554,0.3575299782564695,0.16247512471940395,0.5135713034315483,0
0.23810012213984122,0.8221533343637584,0.8134911686702737,0.2982159609931817,0.16880234806898786,1
0.5365180862373421,0.20407137525902153,0.8785419516242554,0.529648875061234,0.1500029046624055,0
0.4461839578130016,0.9763676522145064,0.36905227596418777,0.08359601108142156,0.4104332674567671,1
0.29276156414558485,0.0382457221102569,0.16529028894999753,0.4082553790594342,0.5081912024014822,0
0.16812698261780123,0.3881778840545562,0.8214601901946347,0.18105365061336298,0.6730288744408945,0
0.6617895204841876,0.17587987673058447,0.8430186109824113,0.4515405598521336,0.8117705065395364,1
0.24509943233958775,0.0767632883460142,0.40773056728338386,0.6199825965763125,0.15585712257726658,0
0.25968844753321174,0.20580172431608845,0.1934901421343651,0.23280088954497957,0.7801000613681762,0
0.627536660894649,0.42760157035207846,0.08560526043839467,0.8757164584668697,0.16943882291742174,0
0.7267581801582468,0.33169770068299964,0.32056621653838013,0.9982434595174015,0.5174774168515067,1
0.3332087568648001,0.5814738553069521,0.37869407155346213,0.4016667490751623,0.6665985602461414,0
0.23467309830591832,0.7037356785104025,0.3093312834617922,0.29483880067853474,0.5573143760730437,0
0.8916045654017566,0.4061522147310178,0.14070910499397593,0.18707967033751383,0.18264361551981223,0
0.25571841464166434,0.8844190335845371,0.8191555167491305,0.1827283701905229,0.5796655146193783,1
0.717836822705452,0.019983894494827625,0.9971623444884613,0.8619938680560885,0.8924864256120918,1
0.2509255854322633,0.45265493309880844,0.736721936521487,0.5971244205082245,0.4971770813255656,1
0.949546997360146,0.5415032779088869,0.8718358327700052,0.6741394340655257,0.9187077096027793,1
0.36981714485280837,0.3678274173859798,0.5186413019059587,0.2539203077624318,0.49275154037733615,0
0.46550459597588756,0.3984796214451184,0.39858679618707304,0.08425111023075071,0.11173792473923694,0
0.5869211909154567,0.45862217163020835,0.39225970791570797,0.497739653315474,0.6969102154110606,0
0.7517938529985705,0.6851570963874307,0.5119684509571459,0.37500205606480375,0.7622604008307962,1
0.6020609022993614,0.42619060846803647,0.1685405488465438,0.0584277219968764,0.07285425210759366,0
0.6409051041779797,0.007508065205255043,0.819472088146159,0.9891807359555833,0.5588873799938641,1
0.45579342269760537,0.8257351564512097,0.9537883473537003,0.2526073496431749,0.5860083953076795,1
0.13140606315998393,0.4126747295019295,0.2415920068617441,0.5449955725198131,0.8661572366321795,0
0.8591547404188721,0.3142511725463666,0.1628883796520204,0.3060011338098477,0.5352316954704913,0
0.9970635265942899,0.04562939811063971,0.9822070821266653,0.13524295570062317,0.9024523800570481,1
0.16134680172575722,0.3860247915676517,0.5068343988719394,0.5095247425218506,0.0029720100420279616,0
0.669056326650887,0.19522715011556857,0.2590872108197303,0.005426777774479752,0.946798906240663,0
0.08057972520193368,0.22863982584999631,0.029993819195930693,0.3749322304175673,0.7021867708970536,0
0.927907125438168,0.5689499649061683,0.02046020010516536,0.6353748047426322,0.336493268059072,0
0.05239718514078129,0.007625657998567514,0.38851970214482123,0.19632011281088757,0.14873205798558853,0
0.3436437037052188,0.7041539123589561,0.8764198824782995,0.15678542437264897,0.0690162812972911,1
0.6287159940683447,0.24599440235855263,0.7311846363461658,0.45768096235619804,0.661871154141922,1
0.5742549167011591,0.9073174744983862,0.5389427588495728,0.7961155282026374,0.6169890324505812,1
0.5176619222236979,0.36754416698462966,0.009016494939487418,0.28845479909409066,0.6644875969804395,0
0.08994009952926396,0.7936858589634416,0.2414178049457607,0.47641730198203114,0.9189981174284226,0
0.13206037709766083,0.7918403208160011,0.017441813158245223,0.04334942471222647,0.8350190545797882,0
0.33719759398294047,0.0041283581411264425,0.7285441620824701,0.0721656843600027,0.9619027292228562,1
0.3809355747327091,0.36737392684402603,0.5956777260944683,0.05794520381268464,0.19535447210794776,0
0.8966301698333354,0.9423025801341441,0.8887726190635762,0.9780124709350888,0.7495145152480288,1
0.36502015151156597,0.2355392032998389,0.3262073650747005,0.5587064334744135,0.6710895648197455,0
0.24909871887265234,0.5944012897464768,0.3849333096149282,0.9802502053249424,0.15783059314964087,0
0.973810482062466,0.14206921247396287,0.8548231657426296,0.1656398068157502,0.9712227188919641,1
0.7458879394989306,0.2824703881062324,0.9900336846796328,0.9478615433977496,0.9136051031613559,1
0.7638839058954068,0.9981146615476963,0.32435959754705523,0.5804234805396064,0.22574469859261181,1
0.8171607336122925,0.18661028470222185,0.2623034957511703,0.37026381950794696,0.4955091700361891,0
0.010113198528578282,0.1506175819145228,0.4700502966691017,0.13310378247899202,0.46569460389477413,0
0.6355607768122102,0.5003283845039116,0.16049747218988808,0.19747144466591604,0.561495068797,1
0.6127911356456681,0.6268848507827256,0.14160808979036987,0.9853506923529967,0.3336180587420522,0
0.9668183579134847,0.746575045940272,0.875739562126885,0.14508050984451704,0.7585631966732344,1
0.7427515180889911,0.23509085503530036,0.6222319287837643,0.6505524338530225,0.5047500811932427,0
0.5779917129592631,0.6043243916689227,0.29679790073659107,0.17817649942148528,0.4813979837125001,1
0.4905562293727589,0.0026591515501828145,0.48345877424728434,0.8188780229895422,0.006287354883914964,0
0.6405845425109877,0.14450879018212281,0.645541098879312,0.36432424458,0.8665116289087321,1
0.8448796741206931,0.04112475152747097,0.8070355438765329,0.9790928387613653,0.5488672179089126,1
0.5980521181202197,0.1626921039918241,0.24804994091798171,0.8771257223965085,0.7051990542114172,0
0.7642231341665451,0.4762068534031184,0.26352224526271095,0.4215596265729775,0.6653124138517694,0
0.15754376920693214,0.9307626930640922,0.27807583657824997,0.47347843001128775,0.6031571921824178,0
0.4993522841268503,0.4421272124383293,0.06732217324596546,0.7490411589913165,0.2354229560606278,0
0.5019590464359658,0.4009725046291649,0.6916657958264365,0.002011298507480719,0.21133991247618078,1
0.5831420471893277,0.5443572307547987,0.5801604389480979,0.9561583834666948,0.6538456106431474,1
0.059566544490674445,0.5969858390322665,0.05040993252455994,0.5916942356568436,0.6539508654217236,0
0.1487830277378719,0.36339468272095155,0.9672769041422524,0.004952588230865973,0.4630510996299372,1
0.37662787921677066,0.8100890524600844,0.4692627411737522,0.5204258041952995,0.06523070234605566,0
0.3942021288121196,0.41006206265935274,0.02158995605339875,0.536084709766615,0.49715109809878877,0
0.21841728263645643,0.12992501831502112,0.2552238413182295,0.3518168913523262,0.3540007713431258,0
0.5900833644756974,0.9250832651246844,0.19600683955461584,0.4949537655110251,0.9282410229090425,1
0.5871022035355133,0.6482746303310984,0.17210928434087513,0.6937636885230056,0.6845082199905175,0
0.7727216230345318,0.44371266675484344,0.17602605961935225,0.7915377739141597,0.47552284606576356,0
0.9304552216296199,0.2563075085410579,0.5560171796758121,0.176968893805314,0.5879265655711666,1
0.1906964708661829,0.8420715509591157,0.663881177303031,0.20382704982923083,0.6058622766230929,0
0.47242461159517257,0.2710747671190573,0.9949631828336155,0.5863222196724027,0.9981011920105064,1
0.06987619963600433,0.9181453430055498,0.9920360481608297,0.5329480586379677,0.7741728334185841,1
0.469183288186361,0.7018985847443624,0.6993399239945798,0.34786518781815323,0.4167482704625409,0
0.605395348415432,0.4119533701203335,0.778010959613875,0.22432278376588244,0.5578716201067162,1
0.13989194195974974,0.49137158836304484,0.7287554394150972,0.5387480338969863,0.14825943158131738,1
0.3220126916353907,0.2821617283800044,0.9276013235133214,0.0863860492433407,0.6070119218921771,1
0.5624711267698438,0.7385579251400244,0.44850315620802417,0.10743268275347795,0.869127097227596,0
0.5022013191927097,0.5190252075790311,0.689095695917653,0.3352755359816527,0.7264120409399842,1
0.5350324351031145,0.9649262875362994,0.394260494358715,0.8273900661593181,0.9560776003484743,1
0.38623203787857296,0.15083363987482967,0.8459412407841308,0.1868018628821725,0.6707620249725209,1
0.8641829409146685,0.7155257753693485,0.3385780647791281,0.9481729716397338,0.04366140937594787,1
0.8242107300576322,0.47189625703827176,0.8858011020458972,0.7500625073832918,0.8940452876968757,1
0.3907486015004097,0.7873102389807212,0.5381190331349957,0.18183970878213296,0.8162673229138735,0
0.22573408368672365,0.15128785650714172,0.27482952855053755,0.23345393191356134,0.1566581550468863,0
0.5965386427077464,0.8592768385372374,0.837697117925395,0.546251532836542,0.2855595792895821,1
0.7810804984773676,0.9490919048860019,0.2415618584988678,0.21554298247653725,0.7719884501867393,1
0.7960428214166857,0.5633463995626582,0.850056059022396,0.784349428937195,0.08947275783134634,1
0.9512639269132168,0.07227142087151128,0.5417936346609318,0.3968904314359908,0.6200696480361662,1
0.37537021518024427,0.8648906234028169,0.016542239881626286,0.11339390697557206,0.6623020225023043,0
0.533564853291885,0.867891010541762,0.11210757714940212,0.8273053877540507,0.18144918879932825,0
0.38301828791068393,0.8827683318683041,0.9177625007910124,0.17732137841527762,0.7256148788472208,1
0.19421565629209192,0.6041310512313636,0.6610979506894644,0.6266598405332886,0.9822037257419358,0
0.8844810043976096,0.8412111727560108,0.22463179568411085,0.6260973886675111,0.2555640139526507,1
0.8804395046220199,0.3727593662693247,0.5737368928294985,0.5321498584867117,0.10948980274336528,1
0.9738792225103569,0.6946870138211723,0.9992732743527454,0.5387919541127164,0.829771606074087,1
0.8414272879894756,0.5061539223298366,0.2909789663461222,0.5112610523651303,0.8800119118520521,1
0.05549445379913609,0.6230778545297253,0.20777780227818998,0.4735151456059974,0.11958306585645995,0
0.010360085170210143,0.42430408867200753,0.7361086641406693,0.44510793293421047,0.509244632508192,0
0.8840195567561892,0.4174695590858357,0.5086850643101078,0.36329851857699713,0.1920007284554478,0
0.21196979994018672,0.6985171644246827,0.42773676555674667,0.9621169828941718,0.28615070076037863,0
0.839180484287458,0.33144977758332794,0.2944442582414335,0.01298570028099888,0.09163327585480496,0
0.2976904343665324,0.7445775467560142,0.23367222820517042,0.6688270036184978,0.5621805592430217,1
0.9522167064239523,0.867920972665797,0.33733048530043475,0.7503694980649864,0.6268162168391891,1
0.05141426608646704,0.14839631237000617,0.041127277766820236,0.15588616705395508,0.40674676969460577,0
0.8419165861493448,0.5142312616932889,0.879678948127756,0.21040509417790043,0.6676269458082185,1
0.6175081025061983,0.4113712256660147,0.7964078519614545,0.6547208191604225,0.6555824035920758,1
0.46963366731177925,0.39125385188622275,0.8978435395796148,0.53027410138073,0.7050618958973082,1
0.8350683311826789,0.010114734212198773,0.8682763726310687,0.8691125520637444,0.7653003908810212,1
0.6908836360119667,0.18646400169420518,0.10576034611093399,0.5502503768164937,0.3160002680003159,0
0.7893309780162239,0.984066267801094,0.517315015154962,0.241175016822322,0.2258974365349653,1
0.16278700376794153,0.2993774459038586,0.2820077074094045,0.810687161484143,0.4275740900344722,0
0.5980989968965701,0.6371988522568537,0.08712639175601222,0.747542468205717,0.1701004481713254,0
0.5694906527536201,0.5368322939443491,0.49155533077954183,0.07789146042252848,0.05096029064007179,0
0.9481760105506295,0.054205749652063706,0.19984824270460044,0.060500477891679894,0.6683137058021903,0
0.9025260806538509,0.13508360539173292,0.9815250644789506,0.6655654949162645,0.7495141177476369,1
0.8897637229288127,0.5292486477994996,0.1754057435513643,0.8364598790487561,0.6957547538509933,0
0.41156344122384503,0.8391451244853501,0.43169087098642545,0.10855012322398105,0.25621729402801974,1
0.2188247187612975,0.8568149313529216,0.021164715266360656,0.649716696178835,0.042865596478865675,0
0.4077813256479511,0.3253217132654723,0.8562850027838523,0.11693698330858349,0.382199582408955,1
0.8788042792261761,0.8907036466367325,0.3274403808713183,0.6264101139209698,0.717049337551734,1
0.9717023013190758,0.9846416136095075,0.6535405567738196,0.01266941156675594,0.0887070155433427,1
0.8340410618616366,0.21569104904324787,0.7034917893497702,0.4279332532424863,0.2113254376847843,1
0.9495596245329969,0.15280968386410332,0.55011272686564,0.24638494387764132,0.3265649658399338,1
0.5979077847757572,0.37170333427340263,0.04221895841741141,0.1691185229594484,0.6085700091385128,0
0.10054772016241709,0.173123166343764,0.16167435595096613,0.946506211579743,0.09201457579910721,0
0.7991294062756148,0.5194587735766042,0.6688998375826261,0.21997030625126435,0.10187795519729403,1
0.4779400974016855,0.8696774241809891,0.30502903211988197,0.025413947323294384,0.8683718940703,1
0.44074971489961134,0.14662064976465294,0.219509755144779,0.2512181825464105,0.32638632919696386,0
0.9309912536910385,0.7183008111369164,0.9281435737034045,0.9287461411161302,0.8612740669867502,1
0.7736517722294018,0.644634519277627,0.18691962829398623,0.6439294955010598,0.8766967542914025,0
0.6626522391850754,0.8387630198646373,0.010547797387263969,0.9747325900120462,0.6811046204408082,1
0.6185876531588081,0.020383306943612123,0.521875941918902,0.8754347100384245,0.36849002756275373,0
0.5322442680191035,0.45013232105009626,0.372856472701505,0.5348981392489379,0.31794757814315566,0
0.7995466615190162,0.6874822483676012,0.7726391506439783,0.12275523960761192,0.6877428070769592,1
0.15239710014110408,0.5699607392917401,0.5760437297436284,0.04180088276736271,0.12476566408194922,1
0.43598493251520687,0.005689957344310215,0.3683617466282162,0.04389260967825581,0.18898158732580095,0
0.9658810665379606,0.32291126370221557,0.8590403861891108,0.9304189308703716,0.5542018177174763,1
0.5285369328006523,0.3105255163214603,0.10061886270791986,0.7070645422687669,0.0349940578450183,0
0.2999981875741421,0.4769474714424312,0.2996318216837949,0.30816955983313976,0.8667577255114753,0
0.05747373020108448,0.6774802964836363,0.5390915891505348,0.22421880610466882,0.785279682405425,0
0.5831166491515319,0.9977036215312445,0.4613921840265891,0.17079570985391268,0.6193494900402208,1
0.8350860522786971,0.18148300501642323,0.2248008406914126,0.14206859512594328,0.7766574236755112,0
0.6105062456944649,0.37497352948655616,0.47489593022634624,0.8046396812237616,0.40198647133602605,1
0.13077315796287303,0.29748105897030497,0.5450596391359164,0.5136218112829751,0.7439265239362682,0
0.5221533531545208,0.4064704567751318,0.17489746416619456,0.4713007908605755,0.8646366277014089,0
0.8693902113383143,0.5937914953854034,0.6995069570537802,0.8137163694459352,0.42224535031523414,1
0.6305500294959492,0.6356041867373428,0.3738870423708288,0.27930004287812127,0.8820054907639089,1
0.134987618760274,0.23415016334220484,0.8162316881618057,0.8319364143767959,0.8649603599026982,0
0.9629723954770187,0.7371981083833827,0.02426556383342271,0.18639351248663982,0.3198170929249713,0
0.6048185814412026,0.029005054643535533,0.14967099174095722,0.9915958514754867,0.11367322709044003,0
0.5304284247266805,0.9686945742314096,0.8666552804051915,0.16197706105360676,0.28941803299496716,1
0.6201704403829357,0.7648875591819718,0.9060817985854943,0.46792829178813733,0.4112227330032501,1
0.20932521368287127,0.9030794003287284,0.7490593785735011,0.07171284579538573,0.7264859160473054,1
0.07677497679229306,0.3246567025909237,0.8014010544203672,0.03154805487751888,0.09620372509823971,0
0.25927464599117434,0.46343591439058873,0.1593127227008303,0.35895351019980515,0.504146517367014,0
0.749977076168588,0.8196932895813014,0.6608660754508829,0.7931599339506958,0.22768392368245471,1
0.4216000591305601,0.31902060412519007,0.8520562052260752,0.5885030715910456,0.29282899954367914,0
0.2336135657008679,0.3821121344124865,0.5757119978649005,0.12052807487318262,0.5680419929546018,0
0.9814400771391042,0.5178632591974845,0.32207171725535,0.3066974235468044,0.9039813422617204,1
0.07220873897936675,0.9324516237575227,0.5051039554385189,0.7379684700457464,0.15365037551279004,0
0.718380694236206,0.22163666003942506,0.3399508156649321,0.8565766739901276,0.6554083692197721,0
0.564745525871495,0.32996053446326623,0.7663574642918153,0.14367321511878772,0.28848362343949574,0
0.3781708902116725,0.311754395263265,0.3639113079795774,0.19090526246939088,0.4128178525235482,0
0.9736417454221804,0.6363918679727792,0.5715199576800938,0.46213769038214547,0.6166418915684139,1
0.04737339336398105,0.08793328486110152,0.5306515089095054,0.9948917256577519,0.9518860595397202,0
0.4235727332379652,0.44685265336614366,0.49553984674891227,0.33060540989298104,0.4628108378683089,0
0.993680472575436,0.9848349331218957,0.9333205236604099,0.2963703255220568,0.4071885946928059,1
0.5211388789474971,0.1681974358122582,0.81748140650224,0.2600029303952559,0.1625706158150909,1
0.3265781452592349,0.0823966862392268,0.6099664301812986,0.20141624007246905,0.774153415082405,0
0.2972547197567964,0.6096446045667844,0.4476561022608193,0.4297717155780827,0.6151440747990304,1
0.4053021282762541,0.4291615264003503,0.8958652625172877,0.893450119632281,0.3740986219004556,1
0.7485042035985264,0.630956384015067,0.5759938903838543,0.15281107856904352,0.008007443384004165,1
0.0749799628436415,0.5314886109509942,0.9657114774034856,0.33981483898760856,0.18545845658029125,1
0.9570144415386816,0.7097724046709855,0.13239294411947422,0.18438347463955074,0.45365916047592825,0
0.49387410166642287,0.5526361064370472,0.052720647868590875,0.7193917937203971,0.0012661653533893036,0
0.8546533994099359,0.3661367296130077,0.20216651076058034,0.6171438207578728,0.1443969877946485,0
0.5941933979112376,0.43314793100419846,0.8324145063315018,0.9018598072755727,0.2851151020130789,1
0.9363926155152597,0.4506064705632502,0.08512861699303231,0.6597936427658821,0.5591744511139051,0
0.21162896840237388,0.7011603107012939,0.29701736155724845,0.9681375237114088,0.3381907298547052,0
0.7367060164518127,0.343290570224992,0.009729485758321776,0.9624711839221249,0.9605975502867647,0
0.45577962575952935,0.8295516679869123,0.7831352120192314,0.8384149366585893,0.25566417958592336,1
0.6602775374308638,0.28562480116394195,0.9812902728312947,0.28431539642466086,0.46820001385673227,1
0.5405742445302649,0.4921095575738673,0.12069650982755664,0.7246619495263569,0.6822515977172992,0
0.15067063930520053,0.5566650941403217,0.649749978409466,0.010336890507530061,0.7156190453058919,1
0.921553956183127,0.4033103341668979,0.7833688074708851,0.83233138840936,0.9242309482259518,1
0.2648893127535177,0.1639109309101182,0.14676014978355134,0.3002830566862078,0.044835626341149015,0
0.8295037378817249,0.5308034937584383,0.1998377803310316,0.5927176624001378,0.2645928788521337,0
0.6733027231236807,0.1945329022201423,0.4925844577424149,0.586754544110887,0.45275854534234383,0
0.8099116673732196,0.8389177102839831,0.05527141415680714,0.05975686412029946,0.763061040137397,0
